{"cameraMode":{"drawMode":0,"name":"Shaded","section":"Shading Mode"},"sceneLighting":false,"audioPlay":false,"sceneViewState":{"showFog":true,"showMaterialUpdate":false,"showSkybox":false,"showFlares":true,"showImageEffects":true,"showParticleSystems":true},"in2DMode":false,"pivot":{"x":1.1334748268127442,"y":2.3025059700012209,"z":-6.804305553436279},"rotation":{"x":0.04912601038813591,"y":0.8667594194412231,"z":-0.08714950084686279,"w":0.48859289288520815},"size":3.379183769226074,"orthographic":false}